type,R
ASN,5.154043877391612
Cert_SHA256,6.470369125820249
Domain,13.708189643137416
IP,9.33237117070815
IP_CIDR,10.699221321871175
Whois_Email,4.022818262576018
Whois_Name,4.387461376163928
Whois_Phone,4.022818262576018